{"0": 1.7787755102040816, "1": 1.8033103448275862, "2": 4.064455958549223, "3": 0.6809375, "4": 0.7456653992395438, "5": 1.0643690637720489, "6": 1.3095826377295492, "7": 2.179, "8": 0.9394491017964072, "9": 1.1368695652173912, "10": 0.9636855036855037, "11": 0.9496852300242131, "12": 0.8095356037151703, "13": 1.040371352785146, "14": 2.641212121212121, "15": 0.20343360995850623, "16": 0.48753262896208827, "17": 3.112857142857143, "18": 1.1222317596566525, "19": 0.7571814671814672, "20": 1.1206285714285715, "21": 1.1206285714285715, "22": 7.3312149532710285, "23": 3.017076923076923, "24": 3.295966386554622}